×重症筋無力症　×リトナビル　△呼吸機能高度低下（気管支喘息、肺気腫の急性期）,2020/6/15,1124001F1022
×重症筋無力症　×リトナビル　△呼吸機能高度低下（気管支喘息、肺気腫の急性期）,2020/6/15,1124001F2029
×重症筋無力症　×リトナビル　△呼吸機能高度低下（気管支喘息、肺気腫の急性期）,2020/6/15,1124001F2037
×急性閉塞隅角緑内障　×重症筋無力症　×イトラコナゾール（イトリゾール）　×フルコナゾール（ジフルカン）　×ボリコナゾール（ブイフェンド）　×ミコナゾール（フロリード）　×HIVプロテアーゼ阻害剤　×エファビレンツ（ストックリン）　×テラプレビル,2020/1/17,1124007F1020
×急性閉塞隅角緑内障　×重症筋無力症　×イトラコナゾール（イトリゾール）　×フルコナゾール（ジフルカン）　×ボリコナゾール（ブイフェンド）　×ミコナゾール（フロリード）　×HIVプロテアーゼ阻害剤　×エファビレンツ（ストックリン）　×テラプレビル,2020/1/17,1124007F1127
×急性閉塞隅角緑内障　×重症筋無力症　×イトラコナゾール（イトリゾール）　×フルコナゾール（ジフルカン）　×ボリコナゾール（ブイフェンド）　×ミコナゾール（フロリード）　×HIVプロテアーゼ阻害剤　×エファビレンツ（ストックリン）　×テラプレビル,2020/1/17,1124007F2026
×急性閉塞隅角緑内障　×重症筋無力症,2019/9/11,1124008F2020
×急性閉塞隅角緑内障　×重症筋無力症,2019/9/11,1124008F2047
×急性閉塞隅角緑内障　×重症筋無力症,2020/6/2,1124009F1223
×急性閉塞隅角緑内障　×重症筋無力症,2020/6/2,1124009F1363
×急性閉塞隅角緑内障　×重症筋無力症,2020/6/2,1124009F2025
×急性閉塞隅角緑内障　×重症筋無力症,2020/6/2,1124009F2076
×急性狭隅角緑内障　×重症筋無力症　△呼吸機能高度低下（気管支喘息、肺気腫の急性期）,2019/6/28,1124010F1021
×急性閉塞隅角緑内障　×重症筋無力症　×リトナビル,2019/9/11,1124017F2054
×急性閉塞隅角緑内障　×重症筋無力症　×リトナビル,2019/9/11,1124017F2135
×急性閉塞隅角緑内障　×重症筋無力症　×リトナビル,2019/9/11,1124017F2216
×急性狭隅角緑内障　×重症筋無力症　×HIVプロテアーゼ阻害剤,2019/6/12,1124023F1029
×急性狭隅角緑内障　×重症筋無力症　×HIVプロテアーゼ阻害剤,2019/6/12,1124023F1037
×急性狭隅角緑内障　×重症筋無力症　×HIVプロテアーゼ阻害剤,2019/6/12,1124023F1118
×急性閉塞隅角緑内障　×重症筋無力症,2020/6/11,1124025F2024
×急性狭隅角緑内障　×重症筋無力症,2019/6/7,1124028F2036
×急性閉塞隅角緑内障　×重症筋無力症,2020/6/6,1124029F1026
×急性閉塞隅角緑内障　×重症筋無力症,2020/6/6,1124029F1123
×急性閉塞隅角緑内障　×重症筋無力症,2020/6/6,1124029F2090
×急性閉塞隅角緑内障　×重症筋無力症　△呼吸機能高度低下（気管支喘息、肺気腫の急性期）,2020/6/18,1129006F2028
×重症筋無力症　×急性閉塞隅角緑内障,2019/12/3,1129007F1026
×重症筋無力症　×急性閉塞隅角緑内障,2019/12/3,1129007F1123
×重症筋無力症　×急性閉塞隅角緑内障,2019/12/3,1129007F2103
×重症筋無力症　×急性閉塞隅角緑内障　×重篤肝障害,2019/12/3,1129009F1025
×重症筋無力症　×急性閉塞隅角緑内障　×重篤肝障害,2019/12/3,1129009F1122
×重症筋無力症　×急性閉塞隅角緑内障　×重篤肝障害,2019/12/3,1129009F2021
×重症筋無力症　×急性閉塞隅角緑内障　×重篤肝障害,2019/12/3,1129009F2129
×重症筋無力症　×急性閉塞隅角緑内障,2019/12/3,1129010F1028
×重症筋無力症　×急性閉塞隅角緑内障,2019/12/3,1129010F2024
×重症筋無力症　×急性閉塞隅角緑内障,2019/12/3,1129010F3020
×タダラフィル（肺高血圧症）、アスナプレビル、ダクラタスビル、バニプレビル、マシテンタン、エルバスビル、グラゾプレビル、チカグレロル、アルテメテル・ルメファントリン、ダクラタスビル・アスナプレビル・ベクラブビル、ダルナビル・コビシスタット、リルピビリン、リルピビリン・テノホビル　ジソプロキシル・エムトリシタビン、リルピビリン・テノホビル　アラフェナミド・エムトリシタビン、エルビテグラビル・コビシスタット・エムトリシタビン・テノホビル　アラフェナミド、エルビテグラビル・コビシスタット・エムトリシタビン・テノホビル　ジソプロキシル、ソホスブビル・ベルパタスビル、ソホスブビル、レジパスビル・ソホスブビル、ドルテグラビル・リルピビリン,2019/6/12,1132002B1060
×重篤血液障害　×第II度以上の房室ブロック　×高度除脈　×ボリコナゾール（ブイフェンド）　×タダラフィル（アドシルカ）　×リルピビリン（エジュラント他）　×ポルフィリン症,2019/7/5,1139002F1070
×重篤肝障害　×尿素サイクル異常　×カルバペネム系抗生物質　＜片頭痛発作抑制＞×妊婦,2020/1/31,1139004G2080
【警告】重篤皮膚障害,2020/6/15,1139009F4071
×消化性潰瘍　×アスピリン喘息　×重篤な血液異常肝腎障害　×重篤な心不全　【警告】1500ml/d以上長期間は定期肝機能検査、アセトアミノフェン含有他製剤との併用による過量投与　,2019/6/19,1141007C1075
×消化性潰瘍　×アスピリン喘息　×重篤な血液異常肝腎障害　×重篤な心不全　【警告】1500ml/d以上長期間は定期肝機能検査、アセトアミノフェン含有他製剤との併用による過量投与　,2019/6/19,1141007F1063
×消化性潰瘍　×アスピリン喘息　×重篤な血液異常肝腎障害　×重篤な心不全　【警告】1500ml/d以上長期間は定期肝機能検査、アセトアミノフェン含有他製剤との併用による過量投与　,2019/6/19,1141007F1195
×消化性潰瘍　×アスピリン喘息　×重篤な血液異常肝腎障害　×重篤な心不全　【警告】1500ml/d以上長期間は定期肝機能検査、アセトアミノフェン含有他製剤との併用による過量投与　,2019/6/19,1141007F2027
×消化性潰瘍　×アスピリン喘息　×重篤な血液異常肝腎障害　×重篤な心不全　【警告】1500ml/d以上長期間は定期肝機能検査、アセトアミノフェン含有他製剤との併用による過量投与　,2019/6/19,1141007F2051
×消化性潰瘍　×アスピリン喘息　×重篤な血液異常肝腎障害　×重篤な心不全　【警告】1500ml/d以上長期間は定期肝機能検査、アセトアミノフェン含有他製剤との併用による過量投与　,2019/6/19,1141007F3023
×消化性潰瘍　×アスピリン喘息　×重篤な血液異常肝腎障害　×重篤な心不全　【警告】1500ml/d以上長期間は定期肝機能検査、アセトアミノフェン含有他製剤との併用による過量投与　,2019/6/19,1141007F3031
×アスピリン喘息　×重篤な血液肝腎障害心機能不全　【警告】重篤な肝障害のおそれ　アセトアミノフェン含有他製剤との併用による過量投与　,2019/6/26,1141700J2130
×アスピリン喘息　×重篤な血液肝腎障害心機能不全　【警告】重篤な肝障害のおそれ　アセトアミノフェン含有他製剤との併用による過量投与　,2019/6/26,1141700J3110
×消化性潰瘍　×アスピリン喘息　×出産予定１２週以内の妊婦　×重篤血液・腎・肝障害,2020/1/17,1143010F2074
×妊婦　×消化性潰瘍　×重篤な高血圧症肝腎血液障害心機能障害　×インフルエンザ脳炎　×直腸炎　×直腸出血　×痔　×トリアムテレン（トリテレン）,2019/6/19,1147002F1560
×妊婦　×消化性潰瘍　×重篤な高血圧症肝腎血液障害心機能障害　×インフルエンザ脳炎　×直腸炎　×直腸出血　×痔　×トリアムテレン（トリテレン）,2019/6/19,1147002F1625
×妊婦　×消化性潰瘍　×重篤な高血圧症肝腎血液障害心機能障害　×インフルエンザ脳炎　×直腸炎　×直腸出血　×痔　×トリアムテレン（トリテレン）,2019/6/19,1147002N1190
×消化性潰瘍　×重篤肝・腎・心・血液障害　×アスピリン喘息　×妊娠末期,2020/6/18,1149019F1560
×消化性潰瘍　×重篤肝・腎・心・血液障害　×アスピリン喘息　×妊娠末期,2020/6/18,1149019F1579
×消化性潰瘍　×重篤肝・腎・心・血液障害　×重篤高血圧　×アスピリン喘息　×妊婦,2020/6/11,1149035F2027
×消化性潰瘍　×重篤肝・腎・心・血液障害　×重篤高血圧　×アスピリン喘息　×妊婦,2020/6/11,1149035F2060
×アスピリン喘息　×消化性潰瘍　×重篤肝腎障害　×重篤心不全　×妊娠末期,2019/12/3,1149037F1020
×アスピリン喘息　×重度肝障害　【警告】アセトアミノフェン含有他製剤との併用による過量投与　,2019/6/28,1149116D1033
×１２歳未満　×ＭＡＯ阻害剤投与中又は投与中止後14日以内　×消化性潰瘍　×重篤血液異常　×重篤肝腎障害　×重篤心機能不全　×アスピリン喘息,2020/1/7,1149117F1020
×１２歳未満　×ＭＡＯ阻害剤投与中又は投与中止後14日以内　×消化性潰瘍　×重篤血液異常　×重篤肝腎障害　×重篤心機能不全　×アスピリン喘息,2020/1/7,1149117F1063
×重篤呼吸機能障害,2020/1/31,1149704S1020
×閉塞隅角緑内障　×重症筋無力症,2020/5/27,1162001F1074
×緑内障　×重症筋無力症,2019/6/12,1169001F1024
×閉塞隅角緑内障　×妊婦　×カテコールアミン製剤,2020/1/7,1169006F1027
×閉塞隅角緑内障　×妊婦　×カテコールアミン製剤,2020/1/7,1169006F2023
×ペチジン　×トラマドール（トラマール／トラムセット）　×タペンタドール（タペンタ）　×統合失調症　×三環系抗うつ剤（中止後１４日以内含む）　×SSRI　×SNRI　×アトモキセチン（ストラテラ）　×NaSSA（リフレックス）,2019/6/28,1169010F2020
×悪性症候群（既往含）　×横紋筋融解症（既往含）,2019/8/7,1169014F1021
×妊婦　×重度肝障害,2020/1/31,1169016F1020
×中等度以上肝障害　×ＭＡＯ阻害剤（エフピー）　×ペチジン　×トラマドール（トラマール／トラムセット）　×タペンタドール（タペンタ）　×三環系　×四環系　×ＳＳＲＩ　×ＳＮＲＩ　×NaSSA（リフレックス）　×リスデキサンフェタミン（ビバンセ）　×アトモキセチン（ストラテラ）,2019/10/1,1169017F2021
×閉塞隅角緑内障,2020/6/2,1169100F1079
×閉塞隅角緑内障,2020/1/31,1169101F1120
×閉塞隅角緑内障,2020/1/31,1169101F1170
×閉塞隅角緑内障,2020/1/31,1169101F2053
×妊婦　【警告】前兆のない突発的睡眠及び傾眠,2020/1/17,1169700S2021
×妊婦　【警告】前兆のない突発的睡眠及び傾眠,2020/1/17,1169700S3028
×妊婦　【警告】前兆のない突発的睡眠及び傾眠,2020/1/17,1169700S5020
×急性閉塞隅角緑内障　×重症筋無力症,2020/6/18,1179012F1118
×妊婦　×ポルフィリン症,2019/6/19,1179019M1046
×妊婦　×重症心不全　×パーキンソン病,2020/1/31,1179020F5142
×急性狭隅角緑内障　×重症筋無力症,2019/6/28,1179025F1026
×急性狭隅角緑内障　×重症筋無力症,2019/6/28,1179025F1182
×急性狭隅角緑内障　×重症筋無力症,2019/6/28,1179025F1344
×急性狭隅角緑内障　×重症筋無力症,2019/6/28,1179025F3029
×急性狭隅角緑内障　×重症筋無力症,2019/6/28,1179025F3177
×サキナビル（インビラーゼ・フォートベイス）,2020/1/17,1179037F1053
×サキナビル（インビラーゼ・フォートベイス）,2020/1/17,1179037F2050
×MAO阻害剤　×ピモジド（オーラップ）　×ラメルテオン（ロゼレム）　×チザニジン（テルネリン）,2020/5/28,1179039F1168
×ＭＡＯ阻害剤（投与中止後２Ｗ以内含む）　×ピモジド（オーラップ）,2020/1/31,1179041F1025
×ＭＡＯ阻害剤（投与中止後２Ｗ以内含む）　×ピモジド（オーラップ）,2020/1/31,1179041F3028
×ＭＡＯ阻害剤（投与中止後２Ｗ以内含む）　×ピモジド（オーラップ）,2020/1/31,1179041F3273
×糖尿病（既往含む）　【警告】血糖値上昇→ケトアシドーシス　血糖測定、口渇、多飲、多尿、頻尿の症状発現時は中止、受診　,2019/12/3,1179042F1020
×糖尿病（既往含む）　,2019/7/3,1179044F9020
【警告】血糖値上昇→ケトアシドーシス　血糖測定、口渇、多飲、多尿、頻尿の症状発現時は中止、受診　,2019/6/19,1179045F1058
×ＭＡＯ阻害薬（エフピー・アジレクト）併用　×高度の肝腎障害　×コントロール不良閉塞隅角緑内障,2019/9/11,1179052M1022
×アスピリン喘息　×消化性潰瘍　×閉塞隅角緑内障　×２歳未満　×前立腺肥大等尿閉　×重篤肝障害　【警告】重篤肝障害のおそれ　他のアセトアミノフェン製剤との併用回避,2020/1/7,1180107D1123
×アスピリン喘息　×消化性潰瘍　×閉塞隅角緑内障　×２歳未満　×前立腺肥大等尿閉　×重篤肝障害　【警告】重篤肝障害のおそれ　他のアセトアミノフェン製剤との併用回避,2020/1/7,1180107D1131
×アスピリン喘息　×消化性潰瘍　×閉塞隅角緑内障　×２歳未満　×前立腺肥大等尿閉　×重篤肝障害　【警告】重篤肝障害のおそれ　他のアセトアミノフェン製剤との併用回避,2020/1/7,1180109F1034
×高度肝障害　×フルボキサミン（デプロメール／ルボックス）,2020/6/18,1190016F1024
×CYP3A阻害薬（イトラコナゾール、クラリスロマイシン、リトナビル、ネルフィナビル、ボリコナゾール）,2020/6/2,1190023F1024
×CYP3A阻害薬（イトラコナゾール、クラリスロマイシン、リトナビル、ネルフィナビル、ボリコナゾール）,2020/6/2,1190023F3027
×出血性大腸炎　×閉塞隅角緑内障　×前立腺肥大　△細菌性下痢,2020/5/27,1242002F1330
△角膜上皮剥離　△角膜潰瘍　△ウイルス性結膜角膜疾患,2020/6/2,1315705M1037
×オミデネパグ点眼（エイベリス）,2019/12/11,1319756Q1022
×鼓膜穿孔患者の耳内使用,2020/1/31,1319807M1025
×２歳未満　×MAO阻害薬（エフピー、アジレクト）,2019/8/7,1329800X1034
×重篤腎障害,2019/11/27,1339002F1438
×重篤腎障害,2019/11/27,1339002F1470
×閉塞隅角緑内障　×前立腺肥大等尿路閉塞性疾患,2020/1/17,1339100F1038
×アシドーシス　×妊婦　×高度の徐脈　×肺高血圧症による右心不全　×重度末梢循環障害　×褐色細胞腫（未治療）,2019/6/26,2123016F1107
×アシドーシス　×妊婦　×高度の徐脈　×肺高血圧症による右心不全　×重度末梢循環障害　×褐色細胞腫（未治療）,2019/6/26,2123016F1182
×アシドーシス　×妊婦　×高度の徐脈　×肺高血圧症による右心不全　×重度末梢循環障害　×褐色細胞腫（未治療）,2019/6/26,2123016F2189
×アシドーシス　×妊婦　×高度の徐脈　×肺高血圧症による右心不全　×重度末梢循環障害　×褐色細胞腫（未治療）,2019/6/26,2123016F2200
×アシドーシス　×妊婦　×高度の徐脈　×肺高血圧症による右心不全　×重度末梢循環障害　×褐色細胞腫（未治療）,2019/6/26,2123016F3061
×妊婦　×重篤なうっ血性心不全　×重篤な刺激伝導障害,2019/6/12,2129004M2022
×うっ血性心不全　×重篤腎障害（透析含む）　×重篤肝障害　×閉塞隅角緑内障　×尿貯留傾向　×スパルフロキサシン（スパラ）　×モキシフロキサシン（アベロックス）　×トレミフェン（フェアストン）　×バルデナフィル（レビトラ）　×アミオダロン（アンカロン）　×エリグルスタット（サデルガ）　×フィンゴリモド（イムセラ／ジレニア）,2020/6/18,2129005F1129
×うっ血性心不全　×重篤腎障害（透析含む）　×重篤肝障害　×閉塞隅角緑内障　×尿貯留傾向　×スパルフロキサシン（スパラ）　×モキシフロキサシン（アベロックス）　×トレミフェン（フェアストン）　×バルデナフィル（レビトラ）　×アミオダロン（アンカロン）　×エリグルスタット（サデルガ）　×フィンゴリモド（イムセラ／ジレニア）,2020/6/18,2129005F1200
×うっ血性心不全　×リトナビル（ノービア）　×ミラベグロン（ベタニス）　×テラプレビル　×アスナプレビル（スンベプラ）,2020/6/2,2129006F1050
×うっ血性心不全　×透析中　×閉塞隅角緑内障　×尿貯留傾向　×バルデナフィル（レビトラ）　×モキシフロキサシン（アベロックス）　×トレミフェン（フェアストン）　×フィンゴリモド（イムセラ／ジレニア）　×エリグルスタット（サデルガ）,2019/10/1,2129007F2043
×うっ血性心不全,2019/9/11,2129008M2020
×妊婦　×うっ血性心不全　×リトナビル（ノービア）　×ミラベグロン（ベタニス）　,2019/12/11,2129009F1020
×妊婦　×うっ血性心不全　×リトナビル（ノービア）　×ミラベグロン（ベタニス）　,2019/12/11,2129009F1038
×無尿　×急性腎不全　×低Ｎａ血症　×低Ｋ血症　×デスモプレシン（ミニリンメルト）投与中（男性の夜間多尿・夜間頻尿）,2020/1/17,2132003F1419
×無尿　×急性腎不全　×低Ｎａ血症　×低Ｋ血症　×デスモプレシン（ミニリンメルト）投与中（男性の夜間多尿・夜間頻尿）,2020/1/17,2132003F3055
×高K血症　×アジソン病　×無尿　×急性腎不全　×タクロリムス（プログラフ）　×エプレレノン（セララ）　×ミトタン（オペプリム）,2019/6/19,2133001F1522
×高K血症　×アジソン病　×無尿　×急性腎不全　×タクロリムス（プログラフ）　×エプレレノン（セララ）　×ミトタン（オペプリム）,2019/6/19,2133001F1590
×無尿　×急性腎不全　×低Ｎａ血症　×低Ｋ血症　×デスモプレシン（ミニリンメルト）投与中（男性の夜間多尿・夜間頻尿）,2020/1/31,2135001F1128
×無尿　×Na、K減少　×デスモプレシン（ミニリンメルト）,2020/6/2,2139005F1052
×無尿　×Na、K減少　×デスモプレシン（ミニリンメルト）,2020/6/2,2139005F1095
×無尿　×Na、K減少　×デスモプレシン（ミニリンメルト）,2020/6/2,2139005F2342
×無尿　×Na、K減少　×デスモプレシン（ミニリンメルト）,2020/6/2,2139005F3039
×無尿　×Na・K減少状態,2019/6/19,2139008F1056
×無尿　×Na・K減少状態,2019/6/19,2139008F1064
×無尿　×Na・K減少状態,2019/6/19,2139008F2028
×無尿　×Na・K減少状態,2019/6/19,2139008F2044
×無尿　×低Ｎａ血症　×低Ｋ血症　×デスモプレシン（ミニリンメルト）投与中（男性の夜間多尿・夜間頻尿）,2020/1/7,2139009F1026
×無尿　×低Ｎａ血症　×低Ｋ血症　×デスモプレシン（ミニリンメルト）投与中（男性の夜間多尿・夜間頻尿）,2020/1/7,2139009F1034
×無尿　×低Ｎａ血症　×低Ｋ血症　×デスモプレシン（ミニリンメルト）投与中（男性の夜間多尿・夜間頻尿）,2020/1/7,2139009F2022
×血管浮腫既往　×妊婦　×アリスキレン（ラジレス）投与中糖尿病　×血液透析中（AN69),2019/6/28,2144002F1024
×血管浮腫既往　×妊婦　×アリスキレン（ラジレス）投与中糖尿病　×血液透析中（AN69),2019/6/28,2144002F1385
×血管浮腫既往　×妊婦　×アリスキレン（ラジレス）投与中糖尿病　×血液透析中（AN69),2019/6/28,2144002F2373
×妊婦　×アリスキレン（ラジレス）投与中糖尿病,2019/12/11,2144008F2028
×妊婦　×アリスキレン（ラジレス）投与中糖尿病,2019/12/11,2144008F2150
×急性肝炎・慢性肝炎・肝硬変の活動期,2019/6/19,2145001F2040
×糖尿病性ケトアシドーシス　×代謝性アシドーシス　×高度除脈・房室ブロック　×うっ血性心不全　×気管支喘息・気管支攣縮,2020/1/17,2149009F1030
×気管支喘息　×アシドーシス　×妊婦　×高度の徐脈　×肺高血圧症による右心不全　×うっ血性心不全　×褐色細胞腫（未治療）,2019/6/7,2149032F1080
×気管支喘息　×アシドーシス　×妊婦　×高度の徐脈　×肺高血圧症による右心不全　×うっ血性心不全　×褐色細胞腫（未治療）,2019/6/7,2149032F3032
×気管支喘息　×アシドーシス　×妊婦　×高度の徐脈　×肺高血圧症による右心不全　×うっ血性心不全　×褐色細胞腫（未治療）,2019/6/7,2149032F4020
×気管支喘息　×アシドーシス　×妊婦　×高度の徐脈　×肺高血圧症による右心不全　×うっ血性心不全　×褐色細胞腫（未治療）,2019/6/7,2149032F4039
×妊婦,2020/6/18,2149034F2027
×妊婦,2019/10/1,2149037F2055
×妊婦,2019/10/1,2149037F3078
×妊婦　×アリスキレン（ラジレス）投与中糖尿病　×重篤肝障害,2020/1/17,2149039F1066
×妊婦　×アリスキレン（ラジレス）投与中糖尿病　×重篤肝障害,2020/1/17,2149039F2038
×妊婦　×アリスキレン（ラジレス）投与中糖尿病　×重篤肝障害,2020/1/17,2149039F2062
×妊婦　×アリスキレン（ラジレス）投与中糖尿病　×重篤肝障害,2020/1/17,2149039F2283
×妊婦　×アリスキレン（ラジレス）投与中糖尿病,2019/7/5,2149040F1328
×妊婦　×アリスキレン（ラジレス）投与中糖尿病,2019/7/5,2149040F2103
×妊婦　×アリスキレン（ラジレス）投与中糖尿病,2019/7/5,2149040F3029
×妊婦　×アリスキレン（ラジレス）投与中糖尿病,2019/7/5,2149040F3240
×妊婦　×アリスキレン（ラジレス）投与中糖尿病,2019/12/11,2149041F2027
×妊婦　×アリスキレン（ラジレス）投与中糖尿病,2019/12/11,2149041F2230
×妊婦　×アリスキレン（ラジレス）投与中糖尿病,2019/12/11,2149041F2361
×妊婦　×アリスキレン（ラジレス）投与中糖尿病,2019/12/11,2149041F3236
×妊婦　×アリスキレン（ラジレス）投与中糖尿病,2019/12/11,2149041F3368
×妊婦　×アリスキレン（ラジレス）投与中糖尿病　×重篤肝障害,2020/1/7,2149042F1025
×妊婦　×アリスキレン（ラジレス）投与中糖尿病　×重篤肝障害,2020/1/7,2149042F1203
×妊婦　×アリスキレン（ラジレス）投与中糖尿病　×重篤肝障害,2020/1/7,2149042F2200
×妊婦　×イトラコナゾール（イトリゾール）・ミコナゾール（フロリード）・フルコナゾール（ジルフカン）・ボリコナゾール（ブイフェンド）　×HIVプロテアーゼ阻害剤　,2019/6/19,2149043F2140
×妊婦　×アリスキレン（ラジレス）投与中糖尿病,2019/7/3,2149044F1040
×妊婦　×アリスキレン（ラジレス）投与中糖尿病,2019/7/3,2149044F2047
×妊婦　×アリスキレン（ラジレス）投与中糖尿病,2019/7/3,2149044F3043
×妊婦　×アリスキレン（ラジレス）投与中糖尿病,2019/7/3,2149044F4040
×妊婦　×アリスキレン（ラジレス）投与中糖尿病,2019/7/3,2149044F6026
×重度肝腎障害　×Ｋ保持性利尿薬　×イトラコナゾール（イトリゾール）　×リトナビル　×ネルフィナビル（ビラセプト）　×高Ｋ血症　×血清Ｋ値が5.0mEq/L以上　×微量アルブミン尿又は蛋白尿糖尿病　×Ｋ製剤,2019/11/27,2149045F2025
×妊婦　×アリスキレン（ラジレス）投与中糖尿病,2019/6/26,2149046F1066
×妊婦　×アリスキレン（ラジレス）投与中糖尿病,2019/6/26,2149046F2062
×妊婦　×アリスキレン（ラジレス）投与中糖尿病,2019/6/12,2149048F1022
×妊婦　×アリスキレン（ラジレス）投与中糖尿病,2019/6/28,2149114F1021
×妊婦　×アリスキレン（ラジレス）投与中糖尿病,2019/6/28,2149114F1188
×妊婦　×アリスキレン（ラジレス）投与中糖尿病,2020/6/15,2149116F1020
×妊婦　×アリスキレン（ラジレス）投与中糖尿病,2020/6/15,2149116F1047
×妊婦　×アリスキレン（ラジレス）投与中糖尿病,2020/6/15,2149116F2027
×妊婦　×アリスキレン（ラジレス）投与中糖尿病,2020/6/15,2149116F2043
×妊婦　×アリスキレン（ラジレス）投与中糖尿病　×重篤肝障害,2020/1/7,2149117F1025
×妊婦　×アリスキレン（ラジレス）投与中糖尿病　×重篤肝障害,2020/1/7,2149117F1076
×妊婦　×アリスキレン（ラジレス）投与中糖尿病　×重篤肝障害,2020/1/7,2149117F2021
×妊婦　×アリスキレン（ラジレス）投与中糖尿病,2019/9/11,2149121F2028
×甲状腺機能亢進症　×褐色細胞腫,2020/6/2,2160002F1109
×心筋梗塞既往　×虚血性心疾患　×異型狭心症　×脳血管障害既往　×一過性脳虚血発作既往　×高血圧（未治療）　×末梢血管障害　×重度肝障害　×エルゴタミン含有製剤　×5-HT1B/1D受容体作動薬　×HIVプロテアーゼ阻害薬,2019/7/3,2160005F1021
×妊婦　×重篤なうっ血性心不全　×Ⅱ度以上房室ブロック,2019/10/1,2171006N1105
×妊婦　×重篤なうっ血性心不全　×Ⅱ度以上房室ブロック,2019/10/1,2171006N1148
×妊婦,2020/6/18,2171008F1070
×妊婦（妊娠20週未満）　,2019/6/19,2171014G1267
×妊婦（妊娠20週未満）　,2019/6/19,2171014G2328
×妊婦（妊娠20週未満）　,2019/6/19,2171014G3022
×妊婦（妊娠20週未満）　,2019/6/19,2171014G3090
×妊婦（妊娠20週未満）　,2019/6/19,2171014G4029
×妊婦（妊娠20週未満）　,2019/6/19,2171014G4096
×妊婦（妊娠20週未満）　,2019/6/19,2171014G5025
×妊婦（妊娠20週未満）　,2019/6/19,2171014G5092
×閉塞隅角緑内障　×高度貧血　×重篤低血圧　×ホスホジエステラーゼ阻害剤（バイアグラ・シアリス・レビトラ）　×リオシグアト（アデムパス）,2020/1/17,2171018K1039
×心原性ショック　×妊婦,2020/6/2,2171021F2020
×心原性ショック　×妊婦,2020/6/2,2171021F2306
×心原性ショック　×妊婦,2020/6/2,2171021F3167
×妊婦,2020/1/31,2171022F1029
×妊婦,2020/1/31,2171022F1045
×妊婦,2020/1/31,2171022F1452
×妊婦,2020/1/31,2171022F2025
×妊婦,2020/1/31,2171022F2041
×妊婦,2020/1/31,2171022F2459
×妊婦,2020/1/31,2171022F3021
×妊婦,2020/1/31,2171022F3269
×妊婦,2020/1/31,2171022F4028
×妊婦,2020/1/31,2171022F4044
×妊婦,2020/1/31,2171022F4265
×妊婦,2020/1/31,2171022F6063
×閉塞偶角緑内障　×重篤な低血圧　×高度な貧血　×シルデナフィル（バイアグラ）　×タダラフィル（シアリス）　×バルデナフィル（レビトラ）　×リオシグアト（アデムパス）,2019/6/26,2171023F2127
×閉塞隅角緑内障　×高度貧血　×重篤低血圧　×ホスホジエステラーゼ阻害剤（バイアグラ・シアリス・レビトラ）　×リオシグアト（アデムパス）,2020/5/28,2171700S1095
×透析中　×重篤腎疾患　×Cr値＞２．０　×妊婦,2020/6/2,2183005G1234
×透析中　×重篤腎疾患　×Cr値＞２．０　×妊婦,2020/6/2,2183005G1285
×妊婦　×胆のう疾患　×肝障害　×血清Cr値≧2.5mg/dL又はCCL＜42mL/min,2020/1/7,2183006F3040
×妊婦　×胆のう疾患　×肝障害　×血清Cr値≧2.5mg/dL又はCCL＜42mL/min,2020/1/7,2183006F4020
×妊婦　×胆のう疾患　×肝障害　×血清Cr値≧2.5mg/dL又はCCL＜42mL/min,2020/1/7,2183006F4038
×妊婦　×胆のう疾患　×肝障害　×血清Cr値≧2.5mg/dL又はCCL＜42mL/min,2020/1/7,2183006F4046
×重篤肝障害　×胆道閉塞　×血清Ｃｒ２．５以上又はＣＣｒ４０未満　×胆石　×妊婦　×シクロスポリン（サンディミュン）　×リファンピシン（リファジン）,2020/1/31,2183007F1025
×妊婦　×授乳婦,2020/5/27,2189010F1462
×妊婦　×授乳婦,2020/5/27,2189010F2027
×妊婦　×授乳婦,2020/5/27,2189010F2485
×重篤肝障害　×妊婦　×イトラコナゾール（イトリゾール）　×ミコナゾール（フロリード）　×アタザナビル（レイアタッツ）　×テラプレビル　×コビシスタット（ゲンボイヤ、スタリビルド、プレジコビックス）　×オムビタスビル・パリタプレビル・リトナビル,2019/10/1,2189011F1050
×重篤肝障害　×妊婦　×授乳婦,2020/5/28,2189012F2026
×重篤肝障害　×妊婦　×授乳婦,2020/5/28,2189012F2034
×重篤肝障害　×妊婦　×授乳婦,2020/5/28,2189012F3030
×肝代謝能低下　×妊婦　×グレカプレビル・ピブレンタスビル,2020/5/25,2189015F1023
×肝代謝能低下　×妊婦　×グレカプレビル・ピブレンタスビル,2020/5/25,2189015F1236
×肝代謝能低下　×妊婦　×グレカプレビル・ピブレンタスビル,2020/5/25,2189015F2020
×肝代謝能低下　×妊婦　×グレカプレビル・ピブレンタスビル,2020/5/25,2189015F2232
×重篤肝障害　×胆道閉塞　×シクロスポリン（サンデュミュン）　×妊婦,2020/1/31,2189016F1281
×重篤肝障害　×胆道閉塞　×シクロスポリン（サンデュミュン）　×妊婦,2020/1/31,2189016F2024
×重篤肝障害　×胆道閉塞　×シクロスポリン（サンデュミュン）　×妊婦,2020/1/31,2189016F2288
×重篤肝障害　×胆道閉塞　×シクロスポリン（サンデュミュン）　×妊婦,2020/1/31,2189016F5023
×妊婦　×授乳婦　×肝機能が低下している患者　×シクロスポリン（ネオーラル、サンディミュン）,2019/8/7,2189017F1022
×妊婦　×授乳婦　×肝機能が低下している患者　×シクロスポリン（ネオーラル、サンディミュン）,2019/8/7,2189017F2029
×妊婦　×授乳婦　×肝機能が低下している患者　×シクロスポリン（ネオーラル、サンディミュン）,2019/8/7,2189017F3025
×妊婦　×授乳婦　×肝機能が低下している患者　×シクロスポリン（ネオーラル、サンディミュン）,2019/8/7,2189017F3173
×妊婦　×授乳婦　×肝機能が低下している患者　×シクロスポリン（ネオーラル、サンディミュン）,2019/8/7,2189017F4170
×重篤肝障害（スタチン系と併用時）,2019/11/27,2189018F1027
×出血,2020/6/18,2189019M1020
×腸閉塞,2019/6/7,2190016Q2026
×腸閉塞,2019/7/5,2190016S1027
×高血圧症　×甲状腺機能亢進症　×褐色細胞腫　×狭隅角緑内障　×前立腺肥大,2019/6/19,2190022F1229
×甲状腺機能低下症,2019/7/5,2190024F1040
×甲状腺機能低下症,2019/7/5,2190024F4022
×腸閉塞,2019/7/5,2190032M1027
×肝代謝能低下　×妊婦　×グレカプレビル・ピブレンタスビル,2020/5/25,2190102F1092
×肝代謝能低下　×妊婦　×グレカプレビル・ピブレンタスビル,2020/5/25,2190104F1091
×ＭＡＯ阻害薬（エフピー・アジレクト）,2019/12/11,2223001F2099
×ＭＡＯ阻害薬（エフピー・アジレクト）,2019/12/11,2223001F2145
×１２歳未満　×前立腺肥大　×閉塞隅角緑内障,2020/5/27,2229101F1060
×ジスルフィラム（ノックビン）　×シアナミド（シアナマイド）　×カルモフール　×プロカルバジン,2019/11/27,2231001Q1044
×ジスルフィラム（ノックビン）　×シアナミド（シアナマイド）　×プロカルバジン,2019/7/5,2241001X1010
×ジスルフィラム（ノックビン）　×シアナミド（シアナマイド）　×カルモフール　×プロカルバジン,2019/9/11,2241003S1020
×１２歳未満　×出血性大腸炎　×気管支喘息発作中　×痙攣状態　×重篤肝障害　△細菌性下痢,2020/6/18,2242001B2211
×１２歳未満　×出血性大腸炎　×気管支喘息発作中　×痙攣状態　×重篤肝障害　△細菌性下痢,2020/6/18,2242001B2270
×重篤呼吸抑制　×慢性肺疾患続発心不全　×重篤肝障害,2019/7/3,2249103S1027
△結核,2019/6/12,2290800G4031
△結核,2019/6/12,2290800G7030
×結核,2019/10/1,2290801G1029
×結核,2019/10/1,2290801G2025
×出血性大腸炎　×偽膜性大腸炎　×低出生体重児・新生児　×6カ月未満乳児　△６か月以上２歳未満の乳幼児　△感染性下痢　△潰瘍性大腸炎,2020/6/18,2319001C1080
×出血性大腸炎　×偽膜性大腸炎　×低出生体重児・新生児　×6カ月未満乳児　△６か月以上２歳未満の乳幼児　△感染性下痢　△潰瘍性大腸炎,2020/6/18,2319001M1213
×出血性大腸炎　×偽膜性大腸炎　×低出生体重児・新生児　×6カ月未満乳児　△６か月以上２歳未満の乳幼児　△感染性下痢　△潰瘍性大腸炎,2020/6/18,2319001M1353
×透析中,2019/6/19,2329002F2190
×プロラクチン分泌性下垂体腫瘍　×褐色細胞腫,2019/11/27,2329009F1110
×プロラクチン分泌性下垂体腫瘍　×褐色細胞腫,2019/11/27,2329009F1217
×アタザナビル（レイアタッツ）　×リルピビリン（抗ＨＩＶ薬）,2019/7/3,2329022H2155
×アタザナビル（レイアタッツ）　×リルピビリン（抗ＨＩＶ薬）,2019/12/11,2329023F1020
×アタザナビル（レイアタッツ）　×リルピビリン（抗ＨＩＶ薬）,2019/12/11,2329023F1098
×アタザナビル（レイアタッツ）　×リルピビリン,2020/6/15,2329028F1023
×アタザナビル（レイアタッツ）　×リルピビリン,2020/6/15,2329028F1112
×アタナザビル　×リルピピリン,2020/1/31,2329029M1027
×アタナザビル　×リルピピリン,2020/1/31,2329029M2023
×アタザナビル（レイアタッツ）　×リルピビリン（抗ＨＩＶ薬）,2019/12/11,2329030F1020
×アタザナビル（レイアタッツ）　×リルピビリン（抗ＨＩＶ薬）,2019/12/11,2329030F2027
×ウシ又はブタたん白質アレルギー,2019/6/26,2339114F1034
×ウシ又はブタたん白質アレルギー,2019/12/11,2339149M1045
×ウシ又はブタたん白質アレルギー,2020/6/2,2339163D1037
×高Ca血症　×透析　×Na摂取制限患者　×甲状腺機能低下症　×副甲状腺機能亢進症,2019/6/26,2339177B1038
×急性腹症　×痙攣性便秘　×重症の硬結便　×電解質失調（低Ｋ）への大量投与　△妊婦,2020/6/15,2354002F2028
×急性腹症　×痙攣性便秘　×重症の硬結便　×電解質失調（低Ｋ）への大量投与　△妊婦,2020/5/28,2354003F2316
×急性腹症　×痙攣性便秘　×重症の硬結便　×電解質失調（低Ｋ）への大量投与　△妊婦,2020/5/28,2354003F2359
×急性腹症　×痙攣性便秘　×重症の硬結便　×電解質失調（低Ｋ）への大量投与　△妊婦,2020/5/28,2354003F2448
×腸管内出血　×急性腹症　×下部消化管術直後　×全身衰弱,2019/7/5,2357701K6182
×急性腹症,2020/1/31,2359005S1305
×腸閉塞　×妊婦,2019/6/12,2359006M1025
×腸閉塞　×妊婦,2019/6/12,2359006M2021
×腸閉塞,2019/7/5,2359008F1025
×完全胆道閉塞　×劇症肝炎,2019/6/26,2362001F2149
×完全胆道閉塞　×劇症肝炎,2019/6/26,2362001F2220
×褐色細胞腫　×消化管出血,2020/6/6,2399004F1200
×褐色細胞腫　×消化管出血,2020/6/6,2399004F1235
×妊婦　×消化管出血・機械的イレウス・消化管穿孔　×プロラクチン分泌性下垂体腫瘍,2020/1/17,2399005F2023
×妊婦　×消化管出血・機械的イレウス・消化管穿孔　×プロラクチン分泌性下垂体腫瘍,2020/1/17,2399005F2376
×妊婦　×消化管出血・機械的イレウス・消化管穿孔　×プロラクチン分泌性下垂体腫瘍,2020/1/17,2399005R1163
×重篤肝腎障害,2020/6/2,2399009F1149
×重篤肝腎障害,2020/6/2,2399009F3028
×高Ｃａ血症　×腎結石　×腎不全,2020/6/2,2399011C1042
×高Ｃａ血症　×腎結石　×腎不全,2020/6/2,2399011C1069
×高Ｃａ血症　×腎結石　×腎不全,2020/6/2,2399011F1022
×高Ｃａ血症　×腎結石　×腎不全,2020/6/2,2399011F1030
×消化管閉塞,2020/6/18,2399017F1020
△口腔内感染症,2019/7/3,2399707M1057
×妊婦　×消化管出血・機械的イレウス・消化管穿孔　×プロラクチン分泌性下垂体腫瘍,2020/1/17,2399714J1026
×妊婦　×消化管出血・機械的イレウス・消化管穿孔　×プロラクチン分泌性下垂体腫瘍,2020/1/17,2399714J2022
×口腔内感染症,2019/12/11,2399800X1033
【警告】投与開始２ヶ月間重篤な無顆粒球症に注意,2020/6/11,2432001F1033
×デスモプレシン（ミニリンメルト）　△消化性潰瘍　△精神病　△結核　△単純疱疹性角膜炎　△緑内障　△後のう白内障　△電解質異常　△最近の内臓手術創,2020/6/2,2456001F1310
×デスモプレシン（ミニリンメルト）　△消化性潰瘍　△精神病　△結核　△単純疱疹性角膜炎　△緑内障　△後のう白内障　△電解質異常　△最近の内臓手術創,2020/6/2,2456001F2023
×閉塞隅角緑内障　×前立腺肥大　×デスモプレシン（ミニリンメルト）男性のみ　△開放隅角緑内障　△結核　△消化性潰瘍　△精神病　△単純疱疹性角膜炎　△後嚢白内障　△高血圧　△電解質異常　△血栓症　,2019/12/3,2459100F1154
×閉塞隅角緑内障　×前立腺肥大　×デスモプレシン（ミニリンメルト）男性のみ　△開放隅角緑内障　△結核　△消化性潰瘍　△精神病　△単純疱疹性角膜炎　△後嚢白内障　△高血圧　△電解質異常　△血栓症　,2019/12/3,2459100F1162
×乳癌　×子宮癌　×35歳以上1日15本以上喫煙者　×前兆あり片頭痛　×血栓性静脈炎　×肺塞栓症　×糖尿病性腎症　×糖尿病性網膜症　×骨成長終了前　×耳硬化症　×高血圧　×脂質代謝異常　×肝腫瘍　×重篤肝障害　×抗リン脂質抗体症候群　×手術前4週、術後2週以内　×産後5週以内　×妊婦　×授乳婦　×オムビタスビル　×パリタプレビル　×リトナビル,2020/6/18,2482009F2020
×乳癌　×子宮癌　×35歳以上1日15本以上喫煙者　×前兆あり片頭痛　×血栓性静脈炎　×肺塞栓症　×糖尿病性腎症　×糖尿病性網膜症　×骨成長終了前　×耳硬化症　×高血圧　×脂質代謝異常　×肝腫瘍　×重篤肝障害　×抗リン脂質抗体症候群　×手術前4週、術後2週以内　×産後5週以内　×妊婦　×授乳婦　×オムビタスビル　×パリタプレビル　×リトナビル,2020/6/18,2482009F2062
×低血糖,2020/5/27,2492414G5024
×低血糖,2020/5/27,2492414G9020
×低血糖,2020/1/31,2492415G1031
×低血糖,2020/6/18,2492416G3020
×低血糖,2020/1/17,2492419G1021
×低血糖,2019/6/26,2492420G1024
×女性　×小児　×重度肝機能障害,2019/6/12,2499011M1027
×糖尿病性ケトアシドーシス　×昏睡　×１型糖尿病　×重症感染症,2020/1/17,2499416G1029
×局所結核性化膿性感染症　×局所ウイルス性疾患　×局所真菌症,2019/7/5,2559808M1020
×局所真菌症　×局所結核・梅毒・化膿性・ウイルス性感染症,2020/1/31,2559814M1026
×局所真菌症　×局所結核・梅毒・化膿性・ウイルス性感染症,2020/1/31,2559814M1042
×幽門、十二指腸、腸管閉塞　×胃アトニー、腸アトニー　×尿閉　×閉塞隅角緑内障　×重症筋無力症　×重篤心疾患,2020/6/2,2590007F1021
×幽門、十二指腸、腸管閉塞　×胃アトニー、腸アトニー　×尿閉　×閉塞隅角緑内障　×重症筋無力症　×重篤心疾患,2020/6/2,2590007F2028
×幽門、十二指腸、腸管閉塞　×胃アトニー、腸アトニー　×尿閉　×閉塞隅角緑内障　×重症筋無力症　×重篤心疾患,2020/6/2,2590007F2290
×幽門、十二指腸、腸管閉塞　×胃アトニー、腸アトニー　×尿閉　×閉塞隅角緑内障　×重症筋無力症　×重篤心疾患　×重度肝障害,2020/6/2,2590011F4027
×尿閉　×閉塞隅角緑内障　×重症筋無力症　×消化管運動低下,2019/11/27,2590013F2031
×重篤心疾患　×妊婦　×授乳婦　×重度肝障害　×フレカイニド（タンボコール）　×プロパフェノン（プロノン）　【警告】生殖可能年齢へ投与回避,2020/6/2,2590014F1021
×重篤心疾患　×妊婦　×授乳婦　×重度肝障害　×フレカイニド（タンボコール）　×プロパフェノン（プロノン）　【警告】生殖可能年齢へ投与回避,2020/6/2,2590014F2028
×硝酸剤、ＮＯ供与剤　×リオシグアト（アデムパス）　×不安定狭心症　×心不全（NYHAIII以上）　×心筋梗塞既往3ヵ月以内　×脳梗塞・脳出血既往6ヵ月以内　×コントロール不良不整脈、低血圧、高血圧　×重度肝腎障害　【警告】投与前硝酸剤、ＮＯ供与剤の併用有無確認　心血管系障害有無確認,2019/9/11,2590016F2027
×新生児　×低出生体重児　×軽傷熱傷,2019/8/7,2633705N1031
×鼓膜穿孔あり湿疹性外耳道炎　×潰瘍　×２度以上熱傷・凍傷　×真菌・スピロヘータ・ウイルス皮膚感染　×動物性皮膚疾患（毛じらみ、疥癬）　,2020/6/18,2646701M2156
×鼓膜穿孔あり湿疹性外耳道炎　×潰瘍　×２度以上熱傷・凍傷　×真菌・スピロヘータ・ウイルス皮膚感染　×動物性皮膚疾患（毛じらみ、疥癬）　,2020/6/18,2646701M2199
×鼓膜穿孔あり湿疹性外耳道炎　×潰瘍　×２度以上熱傷・凍傷　×真菌・スピロヘータ・ウイルス皮膚感染　×動物性皮膚疾患（毛じらみ、疥癬）　,2020/6/18,2646701N2135
×鼓膜穿孔あり湿疹性外耳道炎　×潰瘍　×２度以上熱傷・凍傷　×真菌・スピロヘータ・ウイルス皮膚感染　×動物性皮膚疾患（毛じらみ、疥癬）　,2020/6/18,2646701Q1038
×鼓膜穿孔あり湿疹性外耳道炎　×潰瘍　×２度以上熱傷・凍傷　×真菌・スピロヘータ・ウイルス皮膚感染　×動物性皮膚疾患（毛じらみ、疥癬）　,2020/6/18,2646703M1094
×鼓膜穿孔あり湿疹性外耳道炎　×潰瘍　×２度以上熱傷・凍傷　×真菌・スピロヘータ・ウイルス皮膚感染　×動物性皮膚疾患（毛じらみ、疥癬）　,2020/6/18,2646703M1132
×鼓膜穿孔あり湿疹性外耳道炎　×潰瘍　×２度以上熱傷・凍傷　×真菌・スピロヘータ・ウイルス皮膚感染　×動物性皮膚疾患（毛じらみ、疥癬）　,2020/6/18,2646703N1073
×鼓膜穿孔あり湿疹性外耳道炎　×潰瘍　×２度以上熱傷・凍傷　）　×皮膚結核　×単純疱疹　×水痘　×帯状疱疹　×種痘疹,2020/6/18,2646705M1107
×鼓膜穿孔あり湿疹性外耳道炎　×潰瘍　×２度以上熱傷・凍傷　）　×皮膚結核　×単純疱疹　×水痘　×帯状疱疹　×種痘疹,2020/6/18,2646705N1072
×細菌・真菌・スピロヘータ・ウイルス皮膚感染　×動物性皮膚疾患（毛じらみ、疥癬）　×鼓膜穿孔あり湿疹性外耳道炎　×潰瘍　×２度以上熱傷・凍傷,2020/1/17,2646711S2051
×細菌・真菌・スピロヘータ・ウイルス皮膚感染　×動物性皮膚疾患（毛じらみ、疥癬）　×鼓膜穿孔あり湿疹性外耳道炎　×潰瘍　×３度以上熱傷・凍傷,2020/1/7,2646713M1136
×細菌・真菌・スピロヘータ・ウイルス皮膚感染　×動物性皮膚疾患（毛じらみ、疥癬）　×鼓膜穿孔あり湿疹性外耳道炎　×潰瘍　×３度以上熱傷・凍傷,2020/1/7,2646713M1209
×細菌・真菌・スピロヘータ・ウイルス皮膚感染　×動物性皮膚疾患（毛じらみ、疥癬）　×鼓膜穿孔あり湿疹性外耳道炎　×潰瘍　×２度以上熱傷・凍傷,2020/1/7,2646713Q1081
×細菌・真菌・スピロヘータ・ウイルス皮膚感染　×動物性皮膚疾患（毛じらみ、疥癬）　×鼓膜穿孔あり湿疹性外耳道炎　×潰瘍　×２度以上熱傷・凍傷,2020/1/7,2646713Q2029
×鼓膜穿孔あり湿疹性外耳道炎　×潰瘍　×２度以上熱傷・凍傷　×真菌・スピロヘータ・ウイルス皮膚感染　×動物性皮膚疾患（毛じらみ、疥癬）　,2020/6/18,2646717M1096
×鼓膜穿孔あり湿疹性外耳道炎　×潰瘍　×２度以上熱傷・凍傷　×細菌・真菌・ウイルス皮膚感染　×動物性皮膚疾患,2020/6/18,2646720Q1057
×鼓膜穿孔あり湿疹性外耳道炎　×潰瘍　×２度以上熱傷・凍傷　×細菌・真菌・ウイルス皮膚感染　×動物性皮膚疾患,2020/6/18,2646720Q1065
×鼓膜穿孔あり湿疹性外耳道炎　×潰瘍　×２度以上熱傷・凍傷　△細菌・真菌・スピロヘータ・ウイルス皮膚感染　△動物性皮膚疾患（毛じらみ、疥癬）　,2020/1/31,2646721M1068
×鼓膜穿孔あり湿疹性外耳道炎　×潰瘍　×２度以上熱傷・凍傷,2019/7/5,2646722M1100
×鼓膜穿孔あり湿疹性外耳道炎　×潰瘍　×２度以上熱傷・凍傷,2019/7/5,2646722M1127
×細菌・真菌・スピロヘータ・ウイルス皮膚感染　×動物性皮膚疾患（毛じらみ、疥癬）　×鼓膜穿孔あり湿疹性外耳道炎　×潰瘍　×２度以上熱傷・凍傷,2019/12/3,2646723M1172
×細菌・真菌・スピロヘータ・ウイルス皮膚感染　×動物性皮膚疾患（毛じらみ、疥癬）　×鼓膜穿孔あり湿疹性外耳道炎　×潰瘍　×２度以上熱傷・凍傷,2019/12/3,2646723M1180
×鼓膜穿孔あり湿疹性外耳道炎　×潰瘍　×２度以上熱傷・凍傷　×細菌・真菌・ウイルス皮膚感染,2020/6/2,2646724M1045
×鼓膜穿孔あり湿疹性外耳道炎　×潰瘍　×２度以上熱傷・凍傷　×細菌・真菌・ウイルス皮膚感染,2020/6/2,2646725M1147
×鼓膜穿孔あり湿疹性外耳道炎　×潰瘍　×２度以上熱傷・凍傷　×細菌・真菌・ウイルス皮膚感染,2020/6/2,2646725M1201
×細菌・真菌・スピロヘータ・ウイルス皮膚感染　×動物性皮膚疾患（毛じらみ、疥癬）　×鼓膜穿孔あり湿疹性外耳道炎　×潰瘍　×２度以上熱傷・凍傷,2019/6/19,2646727M1022
×細菌・真菌・スピロヘータ・ウイルス皮膚感染　×動物性皮膚疾患（毛じらみ、疥癬）　×鼓膜穿孔あり湿疹性外耳道炎　×潰瘍　×２度以上熱傷・凍傷,2019/6/26,2646729Q1031
×細菌・真菌・スピロヘータ・ウイルス皮膚感染　×動物性皮膚疾患（毛じらみ、疥癬）　×鼓膜穿孔あり湿疹性外耳道炎　×潰瘍　×２度以上熱傷・凍傷,2019/6/19,2646730M1059
×細菌・真菌・スピロヘータ・ウイルス皮膚感染　×動物性皮膚疾患（毛じらみ、疥癬）　×鼓膜穿孔あり湿疹性外耳道炎　×潰瘍　×２度以上熱傷・凍傷,2019/6/19,2646730M1075
×細菌・真菌・スピロヘータ・ウイルス皮膚感染　×動物性皮膚疾患（毛じらみ、疥癬）　×鼓膜穿孔あり湿疹性外耳道炎　×潰瘍　×２度以上熱傷・凍傷,2019/6/19,2646730N1054
×細菌・真菌・スピロヘータ・ウイルス皮膚感染　×動物性皮膚疾患（毛じらみ、疥癬）　×鼓膜穿孔あり湿疹性外耳道炎　×潰瘍　×２度以上熱傷・凍傷,2019/6/19,2646730Q1026
×真菌症　×皮膚結核　×単純疱疹　×水痘　×潰瘍　×２度以上熱傷・凍傷,2020/1/7,2647705M1023
×鼓膜穿孔あり湿疹性外耳道炎　×潰瘍　×２度以上熱傷・凍傷　×真菌・スピロヘータ・ウイルス皮膚感染　×動物性皮膚疾患（毛じらみ、疥癬）　,2020/6/18,2647709M1102
×鼓膜穿孔あり湿疹性外耳道炎　×潰瘍　×２度以上熱傷・凍傷　×真菌・スピロヘータ・ウイルス皮膚感染　×動物性皮膚疾患（毛じらみ、疥癬）　,2020/6/18,2647709M1145
×鼓膜穿孔あり湿疹性外耳道炎　×潰瘍　×２度以上熱傷・凍傷　×真菌・スピロヘータ・ウイルス皮膚感染　×動物性皮膚疾患（毛じらみ、疥癬）　,2020/6/18,2647709N1060
×鼓膜穿孔あり湿疹性外耳道炎　×潰瘍　×２度以上熱傷・凍傷　×真菌・スピロヘータ・ウイルス皮膚感染　×動物性皮膚疾患（毛じらみ、疥癬）　,2020/6/18,2647709N1078
×重度熱傷,2019/6/12,2649704M1015
×アスピリン喘息,2019/6/26,2649719N1106
×アスピリン喘息,2019/6/26,2649719N1149
×アスピリン喘息　×光線過敏症の既往歴　×妊娠後期,2019/8/7,2649729Q2030
×アスピリン喘息　×光線過敏症の既往歴　×妊娠後期,2019/8/7,2649729S1154
×アスピリン喘息　×光線過敏症の既往歴　×妊娠後期,2019/8/7,2649729S2169
×アスピリン喘息　×光線過敏症の既往歴　×妊娠後期,2019/8/7,2649729S2223
×アスピリン喘息　×光線過敏症の既往歴　×妊娠後期,2019/8/7,2649729S3084
×アスピリン喘息　×光線過敏症の既往歴　×妊娠後期,2019/8/7,2649729S3157
×アスピリン喘息　×光線過敏症の既往歴　×妊娠後期,2019/8/7,2649729S6024
×アスピリン喘息,2019/11/27,2649731M1080
×アスピリン喘息,2020/5/27,2649731S1178
×アスピリン喘息,2020/5/27,2649731S1291
×アスピリン喘息,2020/5/27,2649731S3022
×アスピリン喘息,2020/5/27,2649732S1199
×アスピリン喘息,2020/5/27,2649732S2055
×アスピリン喘息,2020/5/27,2649732S2063
×アスピリン喘息,2020/5/27,2649732S5038
×アスピリン喘息,2019/6/19,2649734Q1050
×アスピリン喘息,2019/6/19,2649734Q1069
×アスピリン喘息,2019/6/19,2649734Q2022
×アスピリン喘息,2020/5/27,2649735S1028
×アスピリン喘息,2020/5/27,2649735S1052
×アスピリン喘息,2020/5/27,2649735S2024
×アスピリン喘息,2020/5/27,2649735S2083
×アスピリン喘息,2020/5/27,2649735S3020
×アスピリン喘息,2020/5/27,2649735S3080
×細菌・真菌・スピロヘータ・ウイルス皮膚感染症　××潰瘍　×２度以上熱傷・凍傷,2019/7/3,2649800N1029
×皮膚結核　×単純疱疹　×水痘　×帯状疱疹　×種痘疹　×真菌症　×潰瘍　×２度以上熱傷・凍傷　,2019/6/26,2649852M1020
×消化性潰瘍　×重篤肝・腎・心・血液障害　×重篤高血圧　×アスピリン喘息　×妊娠後期　×エノキサシン　×ロメフロキサシン（バレオン）　×ノルフロキサシン（バクシダール）　×プルリフロキサシン（スオード）,2020/6/18,2649896S1022
×粘膜への使用,2019/8/7,2669701N1044
×粘膜への使用,2019/8/7,2669701N2067
×潰瘍　×高度腎障害　×高度高Ｋ血症　×魚鱗癬様紅皮症　×小児　×紫外線療法,2019/12/3,2699709M1028
×潰瘍　×高度腎障害　×高度高Ｋ血症　×魚鱗癬様紅皮症　×小児　×紫外線療法,2019/12/3,2699709M1044
×妊婦,2019/6/28,2699805Q1020
×高Ｃａ血症　×ＶＤ中毒,2019/7/5,3112004M1210
×高Ｃａ血症　×ＶＤ中毒,2019/7/5,3112004M2224
×妊婦　×授乳婦,2019/6/28,3112006M2029
×高Ca血症　×腎結石　×重篤な腎不全,2019/6/12,3214001F1020
×高Ｃａ血症,2019/12/11,3219100F1020
×牛乳アレルギー　×妊娠３ヶ月以内　×妊娠希望者へのビタミンA５０００IU/日以上,2019/7/3,3259109S1025
×トロンビン,2020/1/17,3327002F1142
×トロンビン,2020/1/17,3327002F1193
×出血　×重篤肝腎障害　×妊婦　×中枢神経系手術　×外傷後日の浅い患者　×メナテトレノン（グラケー）　×イグラチモド（ケアラム・コルベット）　×ミコナゾール（フロリードゲル）　【警告】カペシタビン（ゼローダ）と併用で出血,2020/6/18,3332001F1024
×出血　×重篤肝腎障害　×妊婦　×中枢神経系手術　×外傷後日の浅い患者　×メナテトレノン（グラケー）　×イグラチモド（ケアラム・コルベット）　×ミコナゾール（フロリードゲル）　【警告】カペシタビン（ゼローダ）と併用で出血,2020/6/18,3332001F3035
×高度腎障害（透析含む）　×出血　×イトラコナゾール,2020/5/27,3339001M2020
×出血　×凝固障害を伴う肝疾患　×肝障害（中等度以上）　×妊婦　×HIVプロテアーゼ阻害剤　×コビシスタット含有製剤　×アゾール系抗真菌剤{経口・注射）　×重度腎障害　【警告】血栓塞栓症発症初期3週間の15mg1日2回投与時に出血リスク↑　腎障害高齢低体重は出血リスク↑,2019/6/26,3339003F1024
×出血　×凝固障害を伴う肝疾患　×肝障害（中等度以上）　×妊婦　×HIVプロテアーゼ阻害剤　×コビシスタット含有製剤　×アゾール系抗真菌剤{経口・注射）　×重度腎障害　【警告】血栓塞栓症発症初期3週間の15mg1日2回投与時に出血リスク↑　腎障害高齢低体重は出血リスク↑,2019/6/26,3339003F2020
×出血　×血液凝固異常のある肝疾患　×重度腎不全,2019/7/3,3339004F1029
×出血　×血液凝固異常のある肝疾患　×重度腎不全,2019/7/3,3339004F2025
×出血性血液疾患,2020/1/31,3339950M1137
×出血性血液疾患,2020/1/31,3339950M1188
×出血性血液疾患,2020/1/31,3339950N1035
×出血性血液疾患,2020/1/31,3339950N1043
×出血性血液疾患,2020/1/31,3339950Q1074
×出血性血液疾患,2020/1/31,3339950Q1082
×出血性血液疾患,2020/1/31,3339950R1150
×出血　×うっ血性心不全　×妊婦　【警告】脈拍増加で狭心症発現,2019/10/1,3399002F3020
×出血　×うっ血性心不全　×妊婦　【警告】脈拍増加で狭心症発現,2019/10/1,3399002F3063
×出血　×うっ血性心不全　×妊婦　【警告】脈拍増加で狭心症発現,2019/10/1,3399002F4060
×妊婦,2019/7/3,3399003F1073
×妊婦,2019/7/3,3399003F1120
×出血,2019/6/26,3399004M1395
×出血,2019/6/26,3399004M3070
×出血,2019/6/26,3399004M4076
×出血　×妊婦,2020/6/2,3399005F1030
×消化性潰瘍　×アスピリン喘息　×出産予定１２週以内の妊婦　×新生児　×乳児　×出血傾向,2019/6/12,3399007H1021
×消化性潰瘍　×アスピリン喘息　×出産予定１２週以内の妊婦　×新生児　×乳児　×出血傾向,2019/6/12,3399007H1080
×出血　×セレキシパグ（ウプトラビ）,2020/6/11,3399008F1025
×出血　×セレキシパグ（ウプトラビ）,2020/6/11,3399008F1211
×出血　×セレキシパグ（ウプトラビ）,2020/6/11,3399008F2021
×出血　×セレキシパグ（ウプトラビ）,2020/6/11,3399008F2218
×出血,2019/6/28,3399009F1020
×消化性潰瘍　×アスピリン喘息　×出産予定１２週以内の妊婦　×新生児　×乳児　×出血傾向,2020/1/17,3399100F1116
×アタザナビル（レイアタッツ）　×リルピビリン（抗ＨＩＶ薬）　×消化性潰瘍　×出血傾向　×アスピリン喘息　×出産予定日12週以内妊婦,2019/12/11,3399102F1026
×妊婦,2019/8/7,3941001F1077
×メルカプトプリン（ロイケリン）　×アザチオプリン（イムラン・アザニン）,2020/5/27,3949003F1023
×メルカプトプリン（ロイケリン）　×アザチオプリン（イムラン・アザニン）,2020/5/27,3949003F2020
×妊婦　×重篤な肝腎障害　×下痢嘔吐等の胃腸障害　【警告】低血糖,2019/7/5,3961007F2103
×重篤な肝腎障害　×下痢、嘔吐等の胃腸障害　×妊婦　【警告】低血糖,2019/6/12,3961008F1080
×重篤な肝腎障害　×下痢、嘔吐等の胃腸障害　×妊婦　【警告】低血糖,2019/6/12,3961008F3317
×重度肝腎心肺障害　×脱水　×妊婦　×重症ケトーシス　×昏睡　×Ⅰ型糖尿病　×手術前後　×重症外傷　×透析　【警告】乳酸アシドーシス、７５歳以上,2020/6/6,3962002F2027
×重度肝腎心肺障害　×脱水　×妊婦　×重症ケトーシス　×昏睡　×Ⅰ型糖尿病　×手術前後　×重症外傷　×透析　【警告】乳酸アシドーシス、７５歳以上,2020/6/6,3962002F2108
×重度肝腎心肺障害　×脱水　×妊婦　×重症ケトーシス　×昏睡　×Ⅰ型糖尿病　×手術前後　×重症外傷　×透析　【警告】乳酸アシドーシス、７５歳以上,2020/6/6,3962002F3023
×重度肝腎心肺障害　×脱水　×妊婦　×重症ケトーシス　×昏睡　×Ⅰ型糖尿病　×手術前後　×重症外傷　×透析　【警告】乳酸アシドーシス、７５歳以上,2020/6/6,3962002F3104
×重症ケトーシス　×昏睡　×手術前後　×重篤外傷,2020/6/2,3969004F1225
×重症ケトーシス　×昏睡　×手術前後　×重篤外傷,2020/6/2,3969004F4097
×心不全　×重篤肝腎障害　×妊婦　×重症ケトーシス　×昏睡　×１型糖尿病　×重症感染症　×手術前後　×重篤外傷,2020/1/31,3969007F1059
×心不全　×重篤肝腎障害　×妊婦　×重症ケトーシス　×昏睡　×１型糖尿病　×重症感染症　×手術前後　×重篤外傷,2020/1/31,3969007F2055
×重症ケトーシス　×昏睡　×１型糖尿病　×手術前後　×重篤外傷　×妊婦,2019/8/7,3969008F2025
×重症ケトーシス　×昏睡　×１型糖尿病　×手術前後　×重篤外傷　×妊婦,2019/8/7,3969008F4036
×重症ケトーシス　×昏睡　×１型糖尿病　×手術前後　×重篤外傷　×妊婦,2019/11/27,3969009F2020
×重症ケトーシス　×昏睡　×１型糖尿病　×手術前後　×重篤外傷　×妊婦,2019/11/27,3969009F4030
×重症ケトーシス　×昏睡　×１型糖尿病　×手術前後　×重篤外傷,2019/7/5,3969010F1026
×重症ケトーシス　×昏睡　×１型糖尿病　×手術前後　×重篤外傷,2019/7/5,3969010F1034
×重症ケトーシス　×昏睡　×１型糖尿病　×手術前後　×重篤外傷,2019/7/5,3969010F2022
×重症ケトーシス　×昏睡　×１型糖尿病　×手術前後　×重篤外傷,2019/7/5,3969010F2030
×重症ケトーシス　×昏睡　×１型糖尿病　×手術前後　×重篤外傷,2019/7/5,3969010F3037
×糖尿病性ケトアシドーシス　×Ⅰ型糖尿病　×重症感染症・手術前後・重篤外傷　×重度肝障害,2019/6/26,3969011F1020
×重症ケトーシス　×昏睡　×１型糖尿病　×手術前後　×重篤外傷　×妊婦,2019/10/1,3969013F1020
×重症ケトーシス　×昏睡　×１型糖尿病　×手術前後　×重篤外傷　×妊婦,2020/1/17,3969014F1024
×重症ケトーシス　×昏睡　×１型糖尿病　×手術前後　×重篤外傷　×妊婦,2019/12/11,3969015F1029
×重症ケトーシス　×昏睡　×１型糖尿病　×手術前後　×重篤外傷,2019/7/5,3969017F2024
×重症ケトーシス　×昏睡　×手術前後　×重篤外傷　×妊婦,2019/11/27,3969018F2029
×重症ケトーシス　×昏睡　×１型糖尿病　×手術前後　×重篤外傷,2020/5/27,3969019F1027
×重症ケトーシス　×昏睡　×１型糖尿病　×手術前後　×重篤外傷,2019/7/5,3969022F1029
×重症ケトーシス　×昏睡　×１型糖尿病　×手術前後　×重篤外傷,2019/10/1,3969023F1023
×重症ケトーシス　×昏睡　×１型糖尿病　×手術前後　×重篤外傷　×妊婦,2019/8/7,3969102F1020
×妊婦　×重度肝腎障害　×透析　×脱水症　×アシドーシス　×Ⅰ型糖尿病　×手術前後　×栄養状態不良　×脳下垂体又は副腎機能不全　×心不全、心筋梗塞、肺塞栓　【警告】乳酸アシドーシス　７５歳以上,2019/6/28,3969104F1029
×妊婦　×重度肝腎障害　×透析　×脱水症　×アシドーシス　×Ⅰ型糖尿病　×手術前後　×栄養状態不良　×脳下垂体又は副腎機能不全　×心不全、心筋梗塞、肺塞栓　【警告】乳酸アシドーシス　７５歳以上,2019/6/28,3969104F2025
×重症ケトーシス　×昏睡　×１型糖尿病　×手術前後　×重篤外傷　×妊婦,2020/1/17,3969108F1027
×重症ケトーシス　×昏睡　×１型糖尿病　×手術前後　×重篤外傷　×妊婦,2020/1/17,3969108F2023
×ガラクトース血症,2020/6/15,3999001Q6029
×食道狭窄・通過障害　×低Ca血症　×３０分間の上体起立不可,2019/6/12,3999018F2036
×食道狭窄・通過障害　×低Ca血症　×３０分間の上体起立不可,2019/6/12,3999018F2095
×食道狭窄・通過障害　×低Ca血症　×３０分間の上体起立不可,2019/6/12,3999018Q1022
×食道狭窄・通過障害　×低Ca血症　×３０分間の上体起立不可　×妊婦,2020/6/18,3999026F2030
×食道狭窄・通過障害　×低Ca血症　×３０分間の上体起立不可　×妊婦,2020/6/18,3999026F2057
×食道狭窄・通過障害　×低Ca血症　×３０分間の上体起立不可　×妊婦,2020/6/18,3999026F2103
×妊婦　×長期不動状態　×抗リン脂質抗体症候群　×静脈血栓塞栓症　×肺塞栓症,2020/5/27,3999027F1020
×妊婦　×授乳婦,2019/6/19,4291010F1031
×妊婦　×授乳婦,2019/6/19,4291010F1155
×閉塞隅角緑内障　×前立腺肥大,2020/6/6,4413004F1235
×緑内障　×前立腺肥大等下部尿路に閉塞性疾患　×低出生体重児・新生児,2019/6/7,4419002F1027
×閉塞隅角緑内障　×狭窄性胃潰瘍　×幽門十二指腸閉塞　×前立腺肥大　×新生児・低出生体重児　×老齢衰弱患者,2020/6/2,4419005B1045
×妊婦（３か月以内）,2020/6/18,4490002M1315
×重度腎障害,2019/10/1,4490020F2027
×重度腎障害,2019/8/7,4490028F1027
×重症高血圧　×閉塞隅角緑内障　×尿閉　×重症冠動脈疾患,2019/12/11,4490100F1021
×アルドステロン症　×ミオパチー　×低Ｋ血症,2019/12/11,5200020D1026
×アルドステロン症　×ミオパチー　×低Ｋ血症,2019/12/11,5200067D1049
×伝染性単核症,2020/1/31,6131001F2042
×伝染性単核症,2019/6/19,6131001M2327
×伝染性単核症,2020/6/15,6131008F1030
×伝染性単核症　,2019/7/3,6139100F1048
×伝染性単核症　,2019/7/3,6139100F2044
×エルゴタミン製剤　×ピモジド（オーラップ）　×アスナプレビル（スンベプラ・ジメンシー）,2019/7/3,6141002F2078
×エルゴタミン（クリアミン）,2020/6/18,6149002F1029
×ピモジド（オーラップ）　×エルゴタミン含有製剤　×スボレキサント（ベルソムラ）　×ロミタピド（ジャクスタピッド）　×タダラフィル（アドシルカ）　×チカグレロル（ブリリンタ）　×イブルチニブ（イムブルビカ）　×アスナプレビル（ジメンシー、スンベプラ）　×バニプレビル　×肝腎障害コルヒチン投与中,2019/7/5,6149003F2062
×妊婦　,2019/7/3,6241010F2027
×妊婦　×小児,2019/7/5,6241013F2128
×妊婦　×小児,2019/7/5,6241013F3027
×妊婦　×小児,2019/7/5,6241013F3310
×妊婦　×小児,2019/9/11,6241017F1022
×妊婦　×ワルファリン　×ピモジド（オーラップ）　×キニジン　×トリアゾラム（ハルシオン）　×シンバスタチン（リポバス）　×アゼルニジピン（カルブロック）　×ニソルジピン　×ブロナンセリン（ロナセン）　×エルゴタミン（クリアミン）　×リバーロキサバン（イグザレルト）　×アスナプレビル（スンベプラ）　×ロミタピド（ジャクスタピッド）,2020/6/2,6290003X1039
×妊婦,2020/1/31,6290007M1022
×妊婦　×低出生体重児・新生児　×G-6-PD欠乏患者　△血液障害　△本人両親兄弟がアレルギー体質,2020/1/31,6290100F2123
×尿道、膣内、子宮頸部、直腸、肛門内,2020/6/2,6290701N1028
×重篤呼吸抑制　×重篤慢性閉塞性肺疾患　×慢性肺疾患続発心不全　×麻痺性イレウス　×出血性大腸炎　△細菌性下痢,2019/7/3,8119002B2023
×重篤呼吸抑制　×重篤慢性閉塞性肺疾患　×慢性肺疾患続発心不全　×麻痺性イレウス　×出血性大腸炎　△細菌性下痢,2019/7/3,8119002N1023
×重篤呼吸抑制　×重篤慢性閉塞性肺疾患　×慢性肺疾患続発心不全　×麻痺性イレウス　×出血性大腸炎　△細菌性下痢,2019/7/3,8119002N2020
